Clients,Requests,Successful,TotalTime(s),Throughput(req/s),AvgResp(ms),Endpoint

1,1789883,1789883,300.005,5966.18,0.167267,/compute
3,1526713,258216,300.005,860.705,3.48342,/compute
3,1581928,261548,300.002,871.822,3.43907,/compute
3,1509613,261297,300.005,870.975,3.44243,/compute
3,1584002,259534,300.004,865.102,3.46576,/compute
1,1701744,0,300.005,0,0,/compute
1,2158,2158,100.025,21.5747,46.3418,/compute
1,6030,6030,300.014,20.0991,49.7458,/compute
10,218248,217839,300.005,726.118,13.7705,/compute
10,262582,242141,303.625,797.5,12.5383,/compute
10,3837,3837,300.652,12.7623,782.879,/compute
1,2477,2477,300.129,8.25312,121.159,/compute
2,3735,3735,300.017,12.4493,160.643,/compute
4,3718,3718,300.164,12.3866,322.864,/compute
8,3766,3766,300.573,12.5294,638.11,/compute
1,6103,6103,300.032,20.3412,49.1366,/create
3,115378,115378,300.008,384.583,7.79129,/create
5,114327,114327,300.012,381.075,13.1109,/create
1,6185,6185,300.054,20.6129,48.4899,/create
3,116972,116972,300.005,389.9,7.68469,/create
3,237586,237499,300.194,791.153,3.79004,/create
5,243131,242987,300.006,809.939,6.17143,/create
10,310138,309878,300.005,1032.91,9.67929,/create
15,314921,314531,302.38,1040.19,14.415,/create
20,302784,302264,300.011,1007.51,19.8437,/create
25,329532,245464,305.238,804.173,31.0786,/create
250,5284583,0,300.102,0,0,/create
3,4689,4689,300.149,15.6223,191.96,/create
5,4686,4668,300.347,15.542,321.496,/create
400,5261670,0,300.044,0,0,/create
200,1380,187,69.9611,2.67291,68860,/create
20,1144,1143,61.0646,18.7179,1058.22,/create
5,5645,5642,300.241,18.7916,265.948,/create
10,5643,5641,300.521,18.7707,532.27,/create
3,5623,5623,300.158,18.7335,160.082,/create
1,3067,3067,300.016,10.2228,97.7872,/create
2,5604,5604,300.073,18.6754,107.048,/create
1,6541,6541,300.05,21.7997,45.866,/compute
10,40719,40719,300.064,135.701,73.6789,/compute
2,34987,34987,300.01,116.619,17.1462,/compute
4,39273,39273,300.021,130.901,30.5536,/compute
8,41180,41180,300.051,137.243,58.2842,/compute
2,5621,5621,300.092,18.7309,106.734,/create
